Gender,Age,Height,Weight,Sport,Weekly_Training_Hours,Training_Intensity,Physical_Conditioning,Nutrition_Score,Previous_Injuries,Injury_Risk
Female,32,199,63.1,Basketball,4.7,Low,3.3,5.1,3,high
Male,38,195,78.8,Basketball,7.2,Moderate,2.9,2.1,5,high
Male,34,177,72.2,Swimming,13.5,Moderate,2.2,4.3,3,high
Male,40,178,74.6,Running,4.1,Low,6.4,9.2,4,high
Male,33,164,70.2,Gymnastics,19.1,High,4.0,9.3,5,high
Male,39,194,94.1,Basketball,0.3,Low,9.7,7.2,1,high
Female,35,195,60.7,Swimming,0.4,Low,4.6,9.3,3,high
Female,24,179,70.2,Swimming,3.0,Low,9.1,9.7,5,high
Male,19,176,80.3,Soccer,2.5,Low,3.4,2.8,3,low
Female,40,155,71.2,Soccer,14.5,Moderate,2.5,3.2,0,high
Male,25,199,82.9,Swimming,9.6,Moderate,8.9,3.3,4,high
Male,23,193,85.9,Soccer,17.2,High,2.9,9.1,2,high
Female,24,174,59.3,Swimming,17.1,High,4.2,2.3,5,high
Male,31,180,67.7,Swimming,2.3,Low,3.8,1.7,1,low
Female,21,163,48.4,Gymnastics,14.4,Moderate,1.7,9.7,2,low
Female,23,169,57.2,Running,18.3,High,9.4,6.4,0,high
Male,38,174,58.7,Running,2.4,Low,5.8,6.7,0,low
Male,18,204,86.5,Basketball,13.2,Moderate,8.4,6.7,3,high
Male,30,177,74.9,Gymnastics,7.2,Moderate,2.8,1.7,2,low
Male,23,175,66.1,Running,0.6,Low,9.9,5.4,3,low
Male,39,195,69.6,Soccer,5.1,Moderate,3.0,5.5,4,high
Female,26,157,52.3,Running,9.2,Moderate,4.9,7.0,2,low
Female,19,186,65.9,Swimming,6.7,Moderate,1.7,6.8,3,low
Male,29,166,57.4,Running,6.1,Moderate,8.8,9.9,0,low
Female,24,177,57.2,Basketball,12.8,Moderate,8.7,5.7,5,high
Female,36,164,42.8,Gymnastics,3.1,Low,3.6,8.3,4,low
Female,28,176,64.0,Swimming,15.0,High,5.7,9.4,4,high
Male,31,176,52.5,Running,0.9,Low,9.1,2.9,2,low
Male,32,195,88.9,Swimming,8.8,Moderate,5.1,6.3,1,high
Male,40,189,66.1,Soccer,14.6,Moderate,2.4,6.4,5,high
Male,27,161,67.8,Gymnastics,8.4,Moderate,4.8,9.3,4,high
Female,34,194,63.9,Basketball,15.9,High,5.3,1.2,0,high
Male,18,166,59.2,Running,3.0,Low,6.5,1.7,5,low
Female,26,153,40.7,Gymnastics,3.8,Low,3.5,4.1,2,low
Female,35,158,66.4,Soccer,11.7,Moderate,5.9,1.9,4,high
Male,36,181,100.5,Basketball,12.6,Moderate,3.7,3.9,3,high
Male,40,205,77.7,Swimming,18.0,High,2.4,3.2,1,high
Female,36,160,53.0,Gymnastics,13.9,Moderate,6.9,5.0,3,high
Female,37,176,68.1,Soccer,4.4,Low,1.0,8.4,2,high
Female,34,183,82.1,Basketball,15.2,High,4.4,2.9,5,high
Male,38,184,78.8,Basketball,19.9,High,7.3,1.5,0,high
Female,24,183,52.6,Soccer,12.1,Moderate,3.6,7.7,5,high
Male,25,200,91.4,Swimming,16.3,High,6.4,2.2,4,high
Male,21,202,67.9,Swimming,0.3,Low,3.6,8.4,0,low
Male,18,198,82.4,Swimming,7.4,Moderate,7.0,3.2,0,high
Male,21,187,79.3,Soccer,9.0,Moderate,1.2,8.0,0,low
Female,34,167,55.8,Soccer,18.3,High,9.3,2.0,1,high
Male,37,199,79.7,Basketball,16.9,High,7.5,3.7,2,high
Male,33,174,67.6,Running,16.7,High,1.1,3.2,4,high
Male,23,181,88.4,Basketball,8.9,Moderate,8.2,5.4,4,high
Female,25,180,68.1,Swimming,9.7,Moderate,9.0,3.0,3,high
Female,29,166,49.3,Running,10.8,Moderate,9.1,3.8,2,low
Male,25,179,72.7,Gymnastics,15.7,High,3.9,9.9,4,high
Male,38,161,67.4,Gymnastics,3.6,Low,2.2,7.5,0,low
Male,27,199,76.0,Swimming,1.6,Low,7.8,6.5,0,high
Male,35,164,59.1,Running,18.4,High,1.3,3.1,5,high
Female,22,181,71.5,Soccer,10.8,Moderate,2.5,1.5,3,low
Female,28,186,73.4,Swimming,18.5,High,9.9,1.1,0,high
Male,24,181,87.0,Soccer,2.2,Low,6.3,4.7,2,high
Female,34,165,70.2,Soccer,13.6,Moderate,1.7,5.3,4,high
Female,30,171,75.0,Basketball,10.0,Moderate,8.1,4.2,3,high
Female,19,161,54.4,Gymnastics,15.6,High,4.2,6.6,3,low
Female,28,182,62.5,Soccer,3.0,Low,6.1,5.0,4,low
Female,19,171,55.9,Swimming,18.1,High,9.4,9.0,4,high
Female,36,175,50.1,Running,11.5,Moderate,5.5,2.3,2,low
Female,18,161,55.0,Running,0.5,Low,1.0,1.7,5,low
Male,22,162,69.4,Running,9.3,Moderate,3.5,8.0,3,low
Female,40,190,59.6,Swimming,6.3,Moderate,8.8,6.3,2,high
Male,37,188,54.9,Running,13.4,Moderate,8.3,8.7,1,high
Female,24,182,68.3,Swimming,10.2,Moderate,4.3,8.5,4,high
Male,39,166,63.9,Running,14.5,Moderate,3.0,9.2,2,high
Female,34,165,45.7,Gymnastics,1.1,Low,9.7,7.8,3,low
Male,31,182,78.2,Swimming,6.5,Moderate,3.9,3.0,1,high
Female,24,153,43.8,Gymnastics,18.6,High,7.5,4.4,3,low
Male,33,176,71.1,Swimming,8.3,Moderate,3.7,3.9,1,high
Female,39,172,51.5,Running,8.1,Moderate,2.3,8.0,2,low
Female,29,151,53.3,Gymnastics,16.8,High,9.3,1.7,4,high
Female,26,193,63.4,Basketball,2.8,Low,6.1,8.9,0,low
Male,23,169,73.8,Soccer,5.6,Moderate,7.0,7.4,4,high
Female,34,171,58.9,Soccer,5.7,Moderate,2.4,8.4,2,low
Male,19,188,51.4,Running,6.7,Moderate,9.5,3.6,2,low
Female,39,165,53.0,Gymnastics,18.7,High,5.2,1.4,5,high
Female,22,172,51.5,Soccer,2.6,Low,5.6,1.3,0,low
Male,37,183,51.4,Running,16.2,High,8.0,9.1,1,high
Male,35,209,88.8,Basketball,14.7,Moderate,6.7,6.2,2,high
Male,19,188,87.9,Soccer,17.2,High,7.3,9.0,2,high
Female,25,175,50.2,Running,9.1,Moderate,8.8,9.6,0,low
Male,39,187,105.3,Basketball,3.3,Low,3.2,1.3,4,high
Female,39,168,63.3,Swimming,11.9,Moderate,2.3,9.6,5,high
Male,32,197,87.0,Swimming,17.3,High,2.3,6.0,2,high
Female,32,167,78.6,Swimming,6.4,Moderate,2.1,9.7,4,high
Male,29,190,78.3,Soccer,10.7,Moderate,5.3,3.3,2,high
Female,22,157,51.3,Gymnastics,17.3,High,3.5,3.0,2,low
Female,30,159,55.3,Soccer,16.5,High,6.9,1.6,5,high
Male,40,172,69.1,Gymnastics,13.1,Moderate,2.9,9.9,0,high
Female,35,160,54.0,Gymnastics,6.7,Moderate,1.8,8.4,1,low
Female,27,166,60.5,Soccer,2.7,Low,4.8,9.3,4,low
Male,38,192,80.6,Swimming,13.7,Moderate,8.2,3.8,0,high
Female,39,189,60.0,Basketball,18.8,High,1.8,1.6,3,high
Female,18,175,58.3,Running,5.1,Moderate,2.1,5.4,4,low
Male,19,196,79.9,Swimming,19.5,High,8.2,1.8,5,high
Female,18,178,64.0,Basketball,9.2,Moderate,7.6,9.0,1,low
Female,28,164,41.2,Gymnastics,14.4,Moderate,3.2,2.9,5,low
Male,37,167,60.6,Gymnastics,12.3,Moderate,7.6,2.9,2,high
Male,40,212,94.0,Basketball,7.7,Moderate,7.5,4.1,4,high
Female,23,172,79.6,Basketball,18.0,High,1.1,6.9,3,high
Female,35,165,52.4,Gymnastics,18.0,High,6.8,7.4,4,high
Female,32,166,45.7,Gymnastics,16.6,High,6.0,3.9,4,high
Female,34,167,40.2,Gymnastics,17.0,High,5.0,4.9,1,low
Male,18,172,55.9,Gymnastics,15.6,High,3.0,2.1,2,low
Female,32,165,69.1,Swimming,5.7,Moderate,7.7,2.6,4,high
Male,25,179,60.5,Running,4.2,Low,4.3,5.6,2,low
Male,19,177,66.9,Gymnastics,18.0,High,4.0,6.9,4,high
Female,25,195,65.8,Swimming,4.5,Low,2.6,1.1,1,low
Male,35,175,81.6,Swimming,19.6,High,5.1,8.8,0,high
Female,19,191,56.3,Swimming,16.3,High,7.9,2.3,4,high
Female,19,155,56.3,Soccer,12.6,Moderate,7.4,9.8,0,low
Male,38,162,71.3,Gymnastics,10.7,Moderate,6.4,7.5,5,high
Male,32,162,66.1,Running,14.4,Moderate,5.7,6.2,5,high
Male,22,162,74.8,Gymnastics,15.1,High,3.6,5.6,4,high
Female,24,151,43.5,Gymnastics,17.1,High,7.4,5.2,4,low
Male,19,177,55.2,Gymnastics,6.4,Moderate,1.7,1.6,5,low
Male,39,165,72.9,Running,18.1,High,9.7,3.8,5,high
Female,21,157,52.1,Soccer,4.3,Low,8.9,6.5,2,low
Male,19,170,89.6,Soccer,12.4,Moderate,8.4,1.9,4,high
Male,34,174,64.5,Gymnastics,18.9,High,9.2,6.7,2,high
Male,28,184,74.6,Swimming,17.7,High,8.1,5.8,3,high
Female,30,162,58.0,Running,4.0,Low,5.8,10.0,4,low
Female,37,166,66.5,Soccer,19.7,High,6.0,6.9,2,high
Male,21,173,50.0,Running,0.1,Low,9.6,7.4,1,low
Female,39,200,69.5,Basketball,3.2,Low,4.4,6.0,1,high
Male,40,177,79.3,Swimming,8.8,Moderate,6.7,8.6,4,high
Female,28,175,58.2,Soccer,3.2,Low,2.2,2.2,4,low
Female,22,150,40.9,Gymnastics,8.6,Moderate,5.9,5.3,2,low
Female,38,178,48.3,Running,19.0,High,5.7,3.7,3,high
Female,36,166,43.7,Gymnastics,5.1,Moderate,3.3,4.4,2,low
Male,19,207,105.4,Basketball,20.0,High,6.1,6.1,1,high
Female,19,186,74.1,Swimming,6.3,Moderate,6.3,5.2,5,high
Female,40,174,64.5,Soccer,15.4,High,2.6,7.6,2,high
Male,27,193,76.2,Swimming,4.4,Low,6.4,9.0,3,high
Male,22,195,70.5,Basketball,18.9,High,2.8,3.9,0,high
Female,39,166,52.1,Running,11.5,Moderate,8.8,6.2,0,high
Female,18,168,40.5,Gymnastics,16.4,High,3.6,1.1,5,low
Male,34,173,71.6,Gymnastics,6.8,Moderate,6.9,3.4,2,high
Female,38,178,59.9,Soccer,7.7,Moderate,6.0,6.6,4,high
Male,24,200,98.9,Swimming,17.2,High,5.0,4.1,5,high
Female,33,174,51.8,Running,18.3,High,1.7,9.2,0,high
Female,19,178,53.4,Running,7.7,Moderate,7.0,2.8,2,low
Male,37,177,66.5,Swimming,0.2,Low,9.0,3.1,4,high
Female,20,181,67.4,Soccer,7.1,Moderate,6.6,7.4,3,high
Male,20,174,67.1,Gymnastics,15.0,Moderate,7.0,1.7,2,high
Female,39,166,48.0,Gymnastics,12.3,Moderate,4.8,7.4,3,high
Female,20,177,57.3,Running,10.4,Moderate,3.6,7.5,3,low
Female,30,180,80.0,Basketball,4.8,Low,2.0,5.3,2,high
Male,24,161,58.3,Gymnastics,0.1,Low,9.2,8.9,1,low
Female,19,157,56.8,Running,11.6,Moderate,2.3,9.3,0,low
Female,24,199,78.4,Basketball,18.0,High,4.0,4.4,2,high
Female,26,166,45.1,Gymnastics,7.3,Moderate,6.4,6.5,1,low
Male,21,193,83.0,Basketball,15.4,High,7.5,3.1,1,high
Female,18,183,65.0,Basketball,10.4,Moderate,5.5,7.6,0,low
Male,27,187,78.3,Swimming,8.3,Moderate,3.2,2.6,0,high
Male,35,179,86.9,Swimming,6.8,Moderate,5.5,7.7,0,high
Female,23,154,46.8,Gymnastics,9.9,Moderate,3.7,4.4,2,low
Female,29,175,72.6,Swimming,7.5,Moderate,1.5,4.8,2,low
Female,23,152,51.0,Gymnastics,1.5,Low,7.9,7.8,2,low
Female,24,162,50.0,Running,6.4,Moderate,4.8,9.0,4,low
Female,34,195,68.8,Swimming,10.1,Moderate,1.9,7.3,3,high
Female,26,154,54.3,Running,19.5,High,3.0,6.9,2,low
Female,38,172,64.9,Running,6.4,Moderate,1.7,4.4,1,low
Male,39,196,73.5,Swimming,7.9,Moderate,1.1,3.6,3,high
Male,34,177,52.3,Running,16.0,High,9.2,1.5,3,high
Male,31,165,70.6,Gymnastics,19.4,High,9.2,8.2,1,high
Male,38,168,75.8,Soccer,9.0,Moderate,3.3,3.5,4,high
Female,30,179,75.0,Basketball,15.0,High,4.3,3.6,2,high
Female,20,170,41.0,Gymnastics,10.3,Moderate,9.1,1.8,1,low
Female,27,184,59.2,Swimming,7.7,Moderate,3.7,3.0,1,low
Male,40,194,86.3,Swimming,14.0,Moderate,4.9,6.8,5,high
Male,25,209,78.8,Basketball,3.5,Low,6.5,7.5,5,high
Female,18,178,52.7,Running,11.6,Moderate,6.1,6.6,1,low
Female,25,165,41.6,Gymnastics,7.2,Moderate,7.5,8.5,5,low
Female,30,190,57.0,Basketball,3.1,Low,1.1,9.0,1,low
Male,26,198,82.8,Swimming,1.0,Low,2.3,4.8,5,high
Female,18,174,72.1,Swimming,18.2,High,6.1,6.6,0,high
Male,29,191,92.0,Swimming,3.6,Low,6.9,8.6,1,high
Female,24,170,67.1,Basketball,8.9,Moderate,2.8,3.3,4,low
Male,28,185,73.3,Running,9.5,Moderate,1.4,7.1,0,high
Female,19,170,49.1,Running,14.5,Moderate,6.5,2.5,2,low
Male,26,205,78.9,Basketball,7.1,Moderate,3.9,1.6,5,high
Female,32,194,60.3,Basketball,14.3,Moderate,6.4,1.8,4,high
Female,37,156,56.7,Running,7.2,Moderate,9.6,3.4,4,high
Female,26,166,61.4,Running,18.1,High,9.8,2.3,5,high
Female,29,163,44.2,Gymnastics,12.0,Moderate,5.1,6.8,3,low
Female,23,178,61.6,Running,2.8,Low,3.0,8.9,5,low
Male,38,186,68.4,Soccer,3.4,Low,2.0,5.5,4,high
Female,20,168,60.7,Running,9.1,Moderate,1.9,4.1,4,low
Male,36,180,85.4,Swimming,5.0,Low,7.5,6.5,0,high
Female,22,167,64.4,Swimming,14.0,Moderate,9.0,5.5,0,low
Male,34,183,80.9,Basketball,5.9,Moderate,6.8,9.7,0,high
Male,31,191,82.4,Soccer,3.6,Low,3.4,5.6,3,high
Male,39,188,76.3,Soccer,15.4,High,7.6,7.1,2,high
Male,38,171,70.2,Gymnastics,14.3,Moderate,4.6,8.0,3,high
Female,29,176,83.7,Basketball,17.0,High,3.4,6.0,2,high
Female,20,158,49.8,Gymnastics,2.2,Low,3.8,2.7,0,low
Female,27,184,74.6,Soccer,12.5,Moderate,2.9,4.5,2,high
Male,24,187,73.6,Running,5.8,Moderate,6.2,3.3,0,low
Female,25,169,79.7,Swimming,4.7,Low,3.9,5.7,0,low
Male,36,163,63.6,Gymnastics,3.9,Low,9.1,9.9,1,high
Female,26,170,58.7,Basketball,13.5,Moderate,3.0,3.4,3,low
Male,25,166,70.3,Gymnastics,5.8,Moderate,8.1,3.0,5,high
Female,40,180,77.4,Swimming,12.0,Moderate,5.6,7.2,2,high
Male,40,173,58.5,Gymnastics,9.5,Moderate,1.2,2.6,3,low
Female,32,179,72.0,Soccer,5.4,Moderate,1.4,7.8,3,high
Male,22,173,67.0,Soccer,18.5,High,9.8,3.5,0,high
Male,31,181,83.8,Basketball,1.8,Low,4.9,3.2,4,high
Female,33,184,68.5,Soccer,1.9,Low,4.4,7.7,5,high
Female,32,179,56.4,Swimming,19.0,High,5.0,4.5,0,high
Female,32,175,63.5,Soccer,0.4,Low,6.8,2.9,4,low
Male,36,179,54.6,Running,9.9,Moderate,9.2,9.7,5,high
Male,28,199,73.2,Swimming,15.8,High,9.0,2.8,5,high
Male,34,180,60.3,Running,11.2,Moderate,2.5,3.0,4,high
Female,33,175,58.9,Soccer,10.9,Moderate,1.5,8.2,0,low
Female,21,186,76.9,Swimming,6.4,Moderate,7.3,7.9,1,high
Female,18,169,74.7,Swimming,6.2,Moderate,3.6,5.8,4,low
Female,18,171,63.6,Soccer,0.1,Low,8.9,5.1,2,low
Male,22,167,70.2,Gymnastics,14.0,Moderate,6.3,1.4,0,low
Female,33,197,79.9,Basketball,16.5,High,3.0,4.2,5,high
Male,27,163,56.5,Running,8.4,Moderate,7.5,9.2,5,high
Female,21,186,79.5,Basketball,17.0,High,7.2,1.1,2,high
Female,38,166,73.3,Swimming,2.6,Low,5.2,7.5,4,high
Male,23,193,85.4,Soccer,2.8,Low,2.3,1.1,0,low
Female,23,179,73.3,Swimming,0.3,Low,9.2,2.3,0,low
Female,31,189,73.0,Basketball,15.1,High,3.6,1.0,5,high
Male,33,172,66.4,Gymnastics,11.9,Moderate,6.3,5.5,4,high
Male,21,175,70.7,Swimming,9.2,Moderate,8.5,9.7,5,high
Female,21,194,75.2,Basketball,0.4,Low,6.4,1.6,2,low
Male,37,168,71.5,Soccer,14.5,Moderate,6.8,9.2,0,high
Female,34,169,46.6,Gymnastics,2.6,Low,9.4,5.5,0,low
Female,37,163,50.9,Gymnastics,1.2,Low,1.5,7.2,2,low
Female,28,151,45.6,Gymnastics,13.3,Moderate,5.4,5.2,3,low
Male,24,182,106.2,Basketball,3.2,Low,7.2,5.0,1,high
Male,29,163,68.9,Gymnastics,8.7,Moderate,2.2,5.4,4,low
Male,21,168,57.6,Gymnastics,16.4,High,5.9,4.3,1,low
Male,38,164,73.7,Gymnastics,4.8,Low,5.6,2.6,0,low
Female,18,177,68.9,Basketball,2.6,Low,8.9,7.3,4,low
Male,34,175,62.1,Soccer,4.2,Low,7.0,3.6,0,low
Female,27,161,52.9,Gymnastics,13.3,Moderate,5.6,9.2,2,low
Male,39,169,66.1,Running,6.7,Moderate,1.1,4.9,5,high
Female,40,169,58.1,Soccer,3.3,Low,4.2,6.9,1,low
Female,29,164,53.4,Running,18.5,High,4.0,4.7,1,low
Male,37,172,69.7,Soccer,1.2,Low,7.6,3.3,0,low
Male,38,165,57.2,Gymnastics,17.0,High,8.1,8.3,5,high
Male,33,203,105.2,Basketball,15.9,High,8.7,7.9,4,high
Female,33,171,50.1,Running,18.1,High,3.7,9.6,1,high
Female,23,171,58.6,Running,0.2,Low,2.5,2.3,0,low
Female,23,151,54.2,Gymnastics,0.3,Low,3.1,1.2,1,low
Male,39,172,63.0,Gymnastics,11.8,Moderate,9.7,7.8,5,high
Male,24,179,98.8,Swimming,8.1,Moderate,7.5,1.2,0,high
Female,35,189,64.7,Basketball,14.6,Moderate,2.4,4.9,2,high
Female,40,163,40.8,Gymnastics,9.0,Moderate,1.1,1.6,2,low
Male,19,179,55.2,Running,1.7,Low,5.2,6.0,4,low
Male,34,170,62.8,Gymnastics,6.1,Moderate,4.3,2.5,3,low
Male,32,170,56.8,Running,9.2,Moderate,8.1,4.7,3,high
Female,30,181,61.7,Soccer,13.1,Moderate,8.3,6.5,3,high
Female,35,173,58.3,Basketball,18.2,High,6.8,9.5,2,high
Male,37,200,77.3,Swimming,0.7,Low,6.0,3.6,5,high
Female,21,176,58.1,Swimming,12.5,Moderate,2.6,7.5,4,low
Female,33,193,59.7,Swimming,4.5,Low,1.2,1.3,5,low
Female,25,156,63.3,Soccer,0.6,Low,7.8,5.9,4,low
Male,40,211,105.4,Basketball,4.6,Low,4.4,5.7,2,high
Female,24,187,65.7,Swimming,19.6,High,9.2,7.1,3,high
Male,20,175,65.8,Running,8.1,Moderate,1.6,8.9,1,low
Female,35,193,57.0,Swimming,7.3,Moderate,4.5,4.5,1,high
Male,20,166,58.1,Running,2.8,Low,9.2,7.4,5,low
Male,24,205,96.4,Basketball,19.1,High,2.9,2.7,5,high
Male,19,193,86.7,Basketball,14.1,Moderate,9.2,7.8,5,high
Male,19,180,67.8,Running,13.7,Moderate,5.9,6.6,5,high
Female,24,163,51.2,Gymnastics,17.6,High,2.2,6.6,4,low
Female,21,161,45.3,Gymnastics,7.8,Moderate,1.8,8.3,3,low
Male,40,188,71.6,Basketball,10.4,Moderate,6.7,3.2,2,high
Female,30,181,50.5,Soccer,7.0,Moderate,9.5,10.0,5,high
Male,36,177,99.0,Swimming,0.6,Low,8.2,9.0,1,high
Female,28,175,63.8,Soccer,6.7,Moderate,4.8,8.5,0,low
Male,37,177,63.9,Running,11.0,Moderate,7.5,1.5,2,high
Male,19,163,73.3,Gymnastics,17.7,High,6.3,3.4,4,high
Male,20,196,92.3,Swimming,13.4,Moderate,5.9,4.3,2,high
Male,34,168,59.2,Running,7.4,Moderate,1.3,5.5,2,low
Male,20,167,57.2,Running,15.3,High,3.0,9.2,5,low
Male,27,203,77.9,Basketball,5.2,Moderate,5.8,4.3,2,high
Male,37,182,89.1,Soccer,19.5,High,3.8,1.0,1,high
Male,34,187,70.0,Basketball,10.2,Moderate,4.9,5.7,2,high
Male,30,176,72.8,Soccer,11.7,Moderate,6.8,4.5,3,high
Male,35,198,84.3,Basketball,12.3,Moderate,2.8,6.8,1,high
Female,27,189,74.9,Basketball,4.9,Low,9.5,3.5,2,high
Female,30,176,69.1,Basketball,4.5,Low,2.4,10.0,0,low
Male,34,167,62.1,Gymnastics,8.2,Moderate,2.5,6.5,3,low
Female,31,179,64.7,Basketball,19.5,High,6.8,1.7,1,high
Female,34,152,47.3,Gymnastics,5.3,Moderate,4.8,1.5,4,low
Male,26,186,72.2,Swimming,3.4,Low,6.8,4.8,2,high
Female,23,193,79.3,Swimming,6.6,Moderate,3.8,5.6,5,high
Female,35,151,54.5,Running,0.8,Low,9.8,7.2,5,low
Female,27,175,52.5,Running,9.2,Moderate,8.5,7.3,5,high
Female,20,179,61.5,Soccer,20.0,High,5.6,6.8,3,high
Female,22,180,84.9,Basketball,13.5,Moderate,2.8,9.2,1,high
Female,33,165,59.8,Soccer,4.7,Low,9.7,5.9,5,high
Female,29,167,55.0,Swimming,11.5,Moderate,6.4,1.5,0,low
Female,23,151,45.5,Running,1.1,Low,1.8,9.5,5,low
Female,32,164,46.5,Gymnastics,15.7,High,6.2,7.9,4,high
Male,36,192,98.1,Swimming,0.7,Low,8.3,5.3,0,high
Female,25,168,59.8,Swimming,13.1,Moderate,2.8,8.8,3,low
Female,32,172,65.5,Basketball,12.7,Moderate,3.5,7.9,5,high
Male,36,171,66.4,Running,4.2,Low,2.3,2.0,2,low
Male,34,168,74.3,Gymnastics,3.5,Low,4.2,3.1,5,high
Male,25,187,56.5,Running,4.3,Low,7.1,9.9,2,low
Female,35,154,60.5,Running,0.7,Low,6.5,2.9,1,low
Female,37,192,58.6,Swimming,4.6,Low,7.4,8.4,1,high
Female,28,161,49.5,Gymnastics,7.5,Moderate,3.7,8.8,5,low
Male,39,179,70.8,Gymnastics,4.3,Low,9.2,6.3,1,high
Female,19,183,55.4,Swimming,6.4,Moderate,9.8,2.3,5,low
Male,27,187,77.0,Soccer,12.7,Moderate,2.8,6.7,1,high
Male,27,169,55.7,Gymnastics,3.4,Low,7.7,5.8,2,low
Female,21,170,65.1,Soccer,6.7,Moderate,3.1,3.3,3,low
Male,29,213,89.5,Basketball,0.1,Low,3.9,7.6,3,high
Female,39,173,64.5,Running,8.1,Moderate,6.4,9.6,2,high
Male,32,187,56.5,Running,1.5,Low,9.6,1.8,4,high
Female,21,170,62.5,Soccer,19.9,High,1.2,7.7,4,high
Female,33,150,41.3,Gymnastics,3.8,Low,7.5,4.7,5,low
Male,24,194,67.5,Soccer,15.2,High,4.4,1.4,0,high
Male,31,181,80.2,Soccer,17.1,High,4.3,5.7,1,high
Male,29,184,85.2,Swimming,14.8,Moderate,1.3,9.5,3,high
Female,29,184,64.6,Basketball,2.6,Low,7.4,9.6,0,high
Female,40,177,68.5,Soccer,5.4,Moderate,6.8,8.3,1,high
Male,36,171,72.7,Soccer,0.2,Low,7.8,1.9,5,high
Female,22,179,72.4,Soccer,16.8,High,3.8,8.9,0,high
Male,34,178,72.9,Running,2.8,Low,2.7,1.2,3,low
Female,20,174,61.0,Soccer,9.6,Moderate,4.8,3.2,0,low
Male,25,168,72.2,Soccer,14.9,Moderate,5.7,1.8,0,low
Female,19,170,62.2,Soccer,5.2,Moderate,5.8,5.4,1,low
Female,30,183,60.2,Basketball,8.3,Moderate,8.7,5.4,4,high
Male,34,191,73.9,Basketball,14.5,Moderate,9.5,6.1,2,high
Male,22,183,85.7,Basketball,7.9,Moderate,3.2,4.1,2,high
Female,18,189,55.4,Basketball,19.3,High,7.1,7.2,1,high
Male,33,215,98.7,Basketball,9.0,Moderate,2.2,4.2,4,high
Male,39,206,83.6,Basketball,18.7,High,3.4,2.3,2,high
Male,21,179,92.8,Swimming,4.5,Low,4.0,8.7,0,high
Female,19,156,49.5,Gymnastics,8.7,Moderate,2.6,4.8,5,low
Female,31,194,58.0,Swimming,0.1,Low,5.9,8.9,5,high
Male,21,164,56.7,Gymnastics,11.5,Moderate,1.8,3.0,2,low
Female,23,189,76.3,Swimming,4.5,Low,2.2,6.4,2,low
Female,22,166,53.2,Soccer,17.4,High,9.2,8.9,5,high
Male,39,193,101.9,Basketball,8.0,Moderate,2.2,4.2,5,high
Male,38,176,76.8,Soccer,4.0,Low,3.2,3.9,1,high
Female,38,156,45.7,Gymnastics,12.7,Moderate,3.9,4.4,0,low
Male,38,209,109.8,Basketball,0.9,Low,7.1,1.3,4,high
Male,19,178,63.0,Soccer,13.7,Moderate,1.7,9.0,4,high
Female,19,159,53.2,Gymnastics,14.1,Moderate,7.6,8.0,3,low
Female,23,191,72.9,Swimming,16.9,High,3.5,6.8,4,high
Male,34,161,71.0,Running,18.4,High,9.8,6.8,1,high
Male,31,187,97.9,Swimming,18.3,High,9.1,6.5,5,high
Male,26,189,65.2,Soccer,13.4,Moderate,4.6,6.5,1,high
Male,36,168,62.6,Gymnastics,1.2,Low,2.2,2.5,1,low
Female,18,183,59.5,Basketball,18.2,High,4.2,6.3,2,high
Male,27,181,64.3,Running,4.1,Low,2.6,2.3,3,low
Male,22,181,92.5,Swimming,4.6,Low,3.4,3.9,4,high
Male,35,181,83.9,Basketball,14.5,Moderate,5.4,5.2,1,high
Male,29,170,60.5,Gymnastics,5.5,Moderate,1.5,3.4,0,low
Female,35,191,73.9,Swimming,16.5,High,4.3,5.9,5,high
Female,33,184,71.8,Basketball,15.1,High,6.1,5.6,0,high
Female,40,178,78.9,Swimming,7.1,Moderate,6.2,9.1,2,high
Male,30,198,95.0,Swimming,8.6,Moderate,4.6,7.8,3,high
Male,32,181,52.0,Running,1.6,Low,6.8,5.9,5,low
Male,39,172,66.3,Running,6.5,Moderate,7.6,8.7,5,high
Male,39,192,70.3,Basketball,14.7,Moderate,2.4,1.7,5,high
Male,18,183,69.9,Soccer,15.0,Moderate,1.8,9.5,4,high
Male,25,194,84.0,Swimming,10.3,Moderate,7.9,7.4,3,high
Male,40,160,56.3,Gymnastics,10.4,Moderate,9.0,4.6,4,high
Female,21,184,69.9,Swimming,6.0,Moderate,9.2,8.2,2,high
Female,36,180,55.0,Running,10.8,Moderate,2.8,5.0,2,high
Male,35,171,62.6,Gymnastics,9.9,Moderate,7.2,6.4,2,high
Male,30,181,79.2,Basketball,0.0,Low,7.5,6.9,0,high
Male,33,192,82.2,Soccer,18.5,High,6.0,2.9,2,high
Male,38,194,103.3,Basketball,19.3,High,5.0,7.1,1,high
Female,29,176,63.8,Running,11.8,Moderate,2.4,5.3,3,high
Male,33,163,68.7,Gymnastics,12.1,Moderate,4.0,1.1,1,low
Female,34,152,49.5,Running,18.4,High,4.5,7.4,5,high
Male,22,186,67.3,Running,10.1,Moderate,5.4,7.3,5,high
Male,39,170,57.5,Gymnastics,12.2,Moderate,4.7,8.4,1,high
Male,31,175,68.0,Soccer,11.0,Moderate,4.1,2.5,4,high
Male,22,163,57.0,Gymnastics,17.4,High,1.4,6.5,5,low
Female,19,157,45.8,Gymnastics,18.4,High,7.3,8.7,3,low
Female,21,195,58.6,Basketball,15.0,High,6.0,9.4,5,high
Female,26,180,59.6,Running,5.9,Moderate,8.5,4.9,2,low
Male,39,201,86.1,Swimming,7.0,Moderate,1.5,4.3,2,high
Male,25,193,84.4,Basketball,19.6,High,7.3,3.0,4,high
Female,19,178,52.9,Running,3.2,Low,7.4,5.9,2,low
Female,37,162,61.8,Soccer,3.4,Low,6.2,5.5,2,low
Male,35,178,69.0,Swimming,5.8,Moderate,1.8,5.6,0,low
Female,37,153,50.1,Running,15.3,High,6.2,4.2,5,high
Female,33,156,71.2,Soccer,15.6,High,7.2,8.8,5,high
Male,29,181,87.6,Swimming,5.1,Moderate,2.4,1.2,2,high
Female,37,153,55.9,Running,8.7,Moderate,1.5,3.2,2,low
Female,38,177,74.2,Basketball,10.1,Moderate,4.5,1.0,2,high
Female,40,178,55.1,Swimming,17.5,High,8.5,4.6,0,high
Female,23,158,50.0,Gymnastics,2.9,Low,2.4,2.5,3,low
Male,19,178,59.0,Running,2.2,Low,3.1,5.1,5,low
Male,38,165,67.9,Gymnastics,7.3,Moderate,5.3,5.7,0,high
Female,25,163,63.2,Running,14.9,Moderate,9.2,8.4,2,high
Female,35,174,82.6,Basketball,11.9,Moderate,9.0,6.8,2,high
Male,29,188,70.2,Soccer,19.4,High,8.5,5.8,3,high
Female,24,157,50.4,Running,11.2,Moderate,4.6,2.8,0,low
Female,36,182,74.2,Swimming,16.7,High,7.0,3.3,2,high
Female,20,161,58.7,Running,1.1,Low,1.4,4.3,5,low
Male,19,170,85.0,Soccer,5.2,Moderate,8.0,4.2,3,high
Male,31,185,66.0,Soccer,11.1,Moderate,2.2,3.8,2,high
Male,27,197,84.9,Swimming,10.4,Moderate,7.3,5.7,5,high
Female,33,166,50.7,Gymnastics,13.4,Moderate,4.1,5.1,4,low
Female,27,174,64.1,Basketball,9.1,Moderate,4.5,9.9,3,high
Female,21,166,46.0,Gymnastics,16.6,High,4.9,6.6,1,low
Female,25,169,67.0,Soccer,2.8,Low,5.1,3.0,0,low
Female,21,162,51.0,Gymnastics,2.3,Low,1.9,9.8,5,low
Female,33,190,55.2,Swimming,17.8,High,1.4,5.1,3,high
Female,29,157,64.1,Running,17.2,High,3.6,2.5,3,low
Male,34,163,57.2,Gymnastics,11.9,Moderate,8.4,5.4,3,high
Male,28,182,93.3,Basketball,6.5,Moderate,1.3,5.3,2,high
Male,34,181,67.6,Running,10.4,Moderate,9.4,8.4,4,high
Male,35,168,89.4,Soccer,10.6,Moderate,2.0,7.3,0,high
Female,23,179,59.7,Soccer,4.1,Low,3.2,4.0,1,low
Female,31,174,62.1,Running,7.3,Moderate,1.4,5.3,5,low
Male,33,189,96.3,Swimming,12.3,Moderate,1.4,1.1,4,high
Female,25,170,66.3,Swimming,3.4,Low,8.7,6.8,0,low
Female,27,180,64.1,Soccer,3.4,Low,9.4,8.6,0,low
Female,33,169,51.0,Gymnastics,5.0,Low,2.0,9.9,5,low
Male,21,167,67.1,Gymnastics,12.4,Moderate,3.2,4.1,3,low
Male,19,193,69.3,Swimming,13.6,Moderate,1.7,2.8,5,high
Male,30,162,53.6,Running,8.9,Moderate,5.4,4.5,3,low
Female,31,173,60.9,Soccer,7.9,Moderate,7.0,4.9,4,high
Female,39,189,61.1,Swimming,0.2,Low,8.7,9.0,4,high
Male,36,175,71.0,Gymnastics,3.7,Low,5.3,9.0,0,high
Male,37,174,63.9,Gymnastics,2.9,Low,8.5,6.6,4,high
Female,19,192,62.3,Basketball,14.0,Moderate,7.7,6.7,1,high
Male,38,177,86.8,Soccer,11.3,Moderate,4.7,1.7,2,high
Female,26,173,62.9,Swimming,1.9,Low,6.6,4.1,3,low
Male,25,205,104.9,Basketball,1.4,Low,8.9,2.2,2,high
Male,18,199,84.6,Basketball,9.8,Moderate,5.8,1.5,1,high
Female,28,160,72.9,Soccer,6.6,Moderate,5.2,2.2,2,low
Male,21,183,67.9,Running,8.7,Moderate,9.5,7.2,0,high
Male,18,177,64.6,Gymnastics,7.5,Moderate,1.9,4.9,5,low
Male,26,182,73.4,Running,14.0,Moderate,8.4,7.2,4,high
Female,37,198,79.2,Basketball,18.9,High,7.0,7.8,1,high
Male,39,188,66.3,Running,6.9,Moderate,7.4,9.6,0,high
Male,40,209,104.9,Basketball,3.0,Low,8.0,4.8,0,high
Female,32,166,52.0,Gymnastics,9.9,Moderate,1.5,7.7,3,low
Female,34,183,54.1,Soccer,11.1,Moderate,5.3,2.0,4,high
Male,20,184,71.9,Running,7.4,Moderate,4.6,3.3,2,low
Female,36,186,72.8,Swimming,4.0,Low,2.3,9.8,4,high
Female,26,190,66.6,Swimming,7.6,Moderate,5.4,3.3,4,high
Female,28,176,64.2,Basketball,3.4,Low,5.0,8.7,1,low
Female,22,151,57.9,Running,0.4,Low,8.0,1.4,2,low
Female,37,153,55.8,Running,9.7,Moderate,5.2,6.2,2,low
Male,37,178,66.9,Soccer,2.2,Low,3.6,9.3,0,low
Male,37,204,97.6,Swimming,14.2,Moderate,1.0,8.8,3,high
Female,40,152,48.4,Running,2.8,Low,4.3,2.1,1,low
Female,35,172,60.7,Basketball,13.7,Moderate,3.2,4.2,2,high
Female,25,171,58.3,Basketball,8.5,Moderate,1.4,7.3,0,low
Male,40,194,79.5,Swimming,9.8,Moderate,5.7,2.0,4,high
Female,22,185,81.7,Basketball,13.4,Moderate,6.5,5.1,1,high
Female,28,154,41.4,Gymnastics,14.5,Moderate,8.1,1.5,3,low
Male,21,182,82.2,Soccer,18.9,High,3.2,5.0,3,high
Female,25,175,64.0,Running,5.0,Low,4.6,6.2,5,low
Female,22,177,69.1,Soccer,7.9,Moderate,7.0,1.1,5,high
Female,24,184,66.9,Swimming,1.6,Low,4.0,4.6,5,low
Male,34,211,106.8,Basketball,4.3,Low,9.5,7.0,0,high
Male,24,172,77.3,Soccer,9.7,Moderate,1.1,2.8,2,low
Female,38,158,51.1,Gymnastics,5.8,Moderate,3.2,9.7,3,low
Male,37,184,77.8,Soccer,3.3,Low,2.6,8.0,1,high
Male,23,171,58.7,Running,8.9,Moderate,7.1,6.4,0,low
Female,31,190,70.3,Basketball,8.9,Moderate,1.5,8.7,4,high
Female,31,164,53.1,Gymnastics,10.0,Moderate,4.4,4.9,3,low
Female,30,189,70.4,Swimming,15.4,High,9.3,1.1,0,high
Female,27,155,53.9,Gymnastics,2.6,Low,6.6,5.9,1,low
Male,40,205,107.0,Basketball,5.7,Moderate,6.9,8.9,2,high
Male,23,183,80.4,Basketball,6.5,Moderate,9.9,5.6,5,high
Female,30,176,79.4,Swimming,15.7,High,6.3,3.8,2,high
Male,33,203,109.1,Basketball,10.2,Moderate,5.2,1.5,0,high
Female,30,154,46.5,Running,5.9,Moderate,5.0,3.2,4,low
Male,30,173,84.4,Soccer,4.9,Low,8.3,1.7,2,high
Female,20,173,71.4,Soccer,15.7,High,9.7,6.6,0,high
Female,30,170,58.8,Swimming,18.0,High,1.8,1.6,2,low
Female,25,174,79.9,Swimming,3.3,Low,2.2,1.8,3,low
Male,35,177,60.2,Running,3.4,Low,1.4,3.8,3,low
Male,31,163,62.7,Gymnastics,16.4,High,9.8,8.3,4,high
Male,34,215,88.6,Basketball,12.1,Moderate,3.3,8.9,4,high
Male,27,170,78.6,Soccer,19.8,High,3.9,9.7,2,high
Female,27,171,58.9,Running,13.7,Moderate,7.6,7.7,3,high
Female,28,174,72.6,Basketball,12.3,Moderate,9.3,6.7,2,high
Female,29,158,57.0,Running,16.0,High,1.8,1.9,5,low
Female,20,171,64.8,Swimming,4.3,Low,3.1,8.3,2,low
Female,35,190,77.7,Swimming,18.4,High,3.5,6.6,5,high
Male,18,169,72.4,Soccer,10.5,Moderate,4.1,9.9,5,high
Female,29,157,42.7,Gymnastics,17.4,High,9.0,3.5,4,low
Female,22,173,63.1,Basketball,5.5,Moderate,3.3,3.6,1,low
Male,39,172,58.9,Gymnastics,4.4,Low,4.3,2.2,5,low
Female,25,167,68.6,Soccer,19.4,High,7.5,5.9,4,high
Female,22,179,62.8,Soccer,1.3,Low,5.5,6.4,3,low
Male,36,170,57.0,Running,13.3,Moderate,6.1,2.0,0,low
Male,25,160,73.1,Gymnastics,6.4,Moderate,4.9,2.9,0,low
Female,30,171,55.0,Running,1.3,Low,7.3,4.7,1,low
Male,31,165,89.2,Soccer,2.3,Low,5.3,1.1,5,high
Female,24,181,59.6,Swimming,18.4,High,4.8,2.1,4,high
Male,40,178,70.0,Swimming,8.6,Moderate,5.6,9.0,0,high
Female,37,155,70.0,Soccer,18.5,High,3.0,5.5,5,high
Female,36,169,49.4,Gymnastics,12.7,Moderate,5.2,2.0,0,low
Female,33,170,55.7,Basketball,6.0,Moderate,7.3,8.4,3,high
Female,32,171,56.9,Soccer,8.0,Moderate,4.5,5.0,4,low
Male,32,186,105.6,Basketball,0.2,Low,1.5,8.0,2,high
Male,30,184,73.7,Soccer,0.4,Low,2.5,6.3,2,low
Female,28,180,55.0,Soccer,9.7,Moderate,1.7,5.4,1,low
Female,23,175,52.3,Running,7.8,Moderate,9.3,7.3,1,low
Female,20,169,72.4,Soccer,18.1,High,2.4,2.1,3,high
Male,19,170,67.0,Soccer,18.6,High,1.6,8.2,5,high
Male,21,169,72.5,Soccer,1.7,Low,4.2,3.8,5,low
Male,40,170,51.8,Running,16.1,High,1.7,2.6,4,high
Male,38,181,80.6,Soccer,8.2,Moderate,4.9,2.9,3,high
Male,31,185,71.5,Swimming,10.2,Moderate,2.9,5.6,4,high
Male,36,161,71.7,Running,17.3,High,5.9,6.1,4,high
Female,32,175,63.2,Running,11.9,Moderate,2.9,9.0,1,high
Female,21,173,62.6,Basketball,8.9,Moderate,2.6,6.4,5,low
Female,33,190,72.1,Swimming,6.6,Moderate,5.6,9.1,4,high
Male,40,177,81.8,Soccer,8.7,Moderate,1.1,2.5,5,high
Female,29,150,44.2,Gymnastics,4.8,Low,7.5,1.5,2,low
Male,39,179,79.0,Swimming,3.7,Low,3.3,4.3,4,high
Female,32,155,55.5,Soccer,1.8,Low,8.4,8.0,1,low
Female,25,187,60.3,Swimming,17.3,High,7.9,6.2,1,high
Female,25,170,78.2,Swimming,3.3,Low,7.3,2.2,4,high
Female,19,153,50.7,Gymnastics,17.4,High,3.7,4.7,3,low
Male,21,177,55.5,Gymnastics,9.0,Moderate,6.3,6.6,5,low
Female,21,167,73.5,Soccer,0.5,Low,8.3,1.4,4,low
Male,32,166,64.3,Running,6.8,Moderate,4.2,3.6,1,low
Female,33,184,78.9,Swimming,17.8,High,4.1,9.9,2,high
Male,29,178,55.8,Gymnastics,7.4,Moderate,6.4,8.9,4,high
Male,37,173,55.1,Gymnastics,16.1,High,3.2,6.1,5,high
Male,25,192,90.1,Basketball,17.3,High,1.4,4.2,5,high
Male,22,179,89.3,Soccer,13.2,Moderate,8.0,1.9,3,high
Male,28,201,79.1,Basketball,11.3,Moderate,5.8,3.4,5,high
Male,39,176,85.7,Soccer,9.6,Moderate,9.9,2.5,2,high
Male,25,183,63.0,Running,10.0,Moderate,5.6,6.4,0,low
Female,24,166,44.3,Gymnastics,9.2,Moderate,2.5,3.6,4,low
Male,22,167,82.9,Soccer,8.6,Moderate,2.8,5.7,3,high
Male,40,170,88.0,Soccer,14.1,Moderate,8.0,9.4,2,high
Female,35,180,47.8,Running,15.2,High,8.1,3.9,3,high
Male,33,190,85.9,Soccer,14.4,Moderate,7.7,1.8,3,high
Male,33,179,70.4,Gymnastics,16.4,High,7.7,9.4,2,high
Female,28,160,64.3,Soccer,19.0,High,6.6,8.5,3,high
Male,31,177,76.3,Soccer,2.7,Low,3.6,6.8,1,low
Female,21,182,61.5,Basketball,18.5,High,6.4,1.2,1,high
Male,21,213,70.1,Basketball,14.6,Moderate,3.3,9.3,3,high
Male,22,170,66.0,Running,11.0,Moderate,1.2,7.4,2,low
Female,31,177,79.5,Basketball,3.1,Low,5.2,4.4,1,high
Female,32,155,67.8,Soccer,0.7,Low,7.3,9.9,5,high
Female,35,178,51.7,Running,3.2,Low,7.8,9.0,2,low
Male,28,207,73.2,Basketball,16.3,High,1.4,3.7,2,high
Male,29,188,74.0,Swimming,9.2,Moderate,1.6,8.1,3,high
Male,24,187,55.8,Running,3.1,Low,2.5,3.4,0,low
Male,32,182,68.0,Soccer,6.2,Moderate,4.3,7.9,2,high
Male,18,187,52.3,Running,8.5,Moderate,7.8,1.4,0,low
Male,26,185,84.5,Swimming,8.8,Moderate,7.5,1.3,1,high
Male,30,163,68.2,Running,11.6,Moderate,5.7,6.5,0,low
Female,31,182,68.3,Soccer,4.8,Low,8.0,5.4,0,high
Male,36,169,59.7,Gymnastics,16.5,High,5.9,5.2,2,high
Female,25,181,56.0,Basketball,6.2,Moderate,3.9,7.4,0,low
Female,27,161,50.4,Gymnastics,8.3,Moderate,4.3,3.9,3,low
Female,25,176,53.5,Running,9.4,Moderate,1.8,8.7,3,low
Female,20,165,56.0,Soccer,1.0,Low,5.0,4.8,4,low
Female,24,187,79.3,Swimming,1.9,Low,9.5,1.5,5,high
Female,21,171,55.5,Basketball,17.3,High,2.6,9.9,0,low
Male,39,174,60.5,Gymnastics,1.3,Low,4.4,3.5,4,low
Female,24,153,45.4,Gymnastics,13.4,Moderate,3.5,7.1,3,low
Male,36,187,82.0,Soccer,14.8,Moderate,4.0,5.7,1,high
Male,37,200,100.5,Basketball,15.4,High,5.4,7.6,3,high
Female,36,168,54.3,Running,1.4,Low,5.0,6.5,1,low
Male,23,186,60.9,Running,14.2,Moderate,4.1,2.7,4,high
Male,30,182,85.8,Soccer,4.4,Low,1.5,7.2,1,high
Male,24,173,88.9,Soccer,14.0,Moderate,6.2,6.2,2,high
Male,25,191,65.9,Swimming,11.4,Moderate,6.2,4.3,0,high
Female,34,164,66.1,Soccer,8.1,Moderate,2.9,6.4,5,high
Female,36,166,69.7,Swimming,4.9,Low,1.3,8.3,0,low
Male,34,190,76.0,Swimming,5.5,Moderate,5.9,2.4,2,high
Male,23,184,60.9,Running,16.2,High,5.9,8.4,5,high
Female,40,174,79.1,Swimming,2.4,Low,3.0,8.0,4,high
Male,30,165,62.6,Gymnastics,14.9,Moderate,7.2,9.7,4,high
Female,33,159,64.6,Soccer,12.0,Moderate,4.6,9.0,2,high
Female,24,161,48.2,Running,16.3,High,2.1,2.5,0,low
Female,39,160,62.2,Soccer,1.8,Low,4.0,4.7,1,low
Female,22,186,75.2,Basketball,10.4,Moderate,6.0,7.7,2,high
Male,30,161,63.9,Running,3.8,Low,5.7,1.7,0,low
Male,38,187,70.9,Soccer,4.4,Low,8.1,5.2,3,high
Female,30,168,49.9,Running,19.1,High,4.5,7.6,2,high
Male,26,168,70.0,Gymnastics,19.8,High,1.2,9.7,5,high
Male,27,166,55.3,Gymnastics,18.0,High,3.2,5.8,5,high
Male,26,179,70.0,Gymnastics,16.4,High,8.5,4.5,1,high
Female,26,158,47.0,Gymnastics,0.0,Low,3.8,2.5,0,low
Female,32,168,70.2,Swimming,0.0,Low,8.2,6.6,5,high
Female,38,190,56.0,Swimming,0.1,Low,2.6,2.3,1,low
Female,26,170,73.0,Basketball,8.2,Moderate,8.8,2.8,1,high
Male,34,178,70.3,Gymnastics,6.1,Moderate,6.7,3.3,5,high
Male,32,185,99.2,Swimming,18.6,High,2.4,1.4,1,high
Female,37,160,72.6,Soccer,3.7,Low,4.7,6.4,4,high
Male,31,162,75.0,Running,12.8,Moderate,9.6,6.2,4,high
Female,31,155,66.5,Soccer,1.1,Low,8.7,5.9,1,low
Female,35,170,45.1,Gymnastics,7.1,Moderate,8.4,7.0,4,high
Male,31,212,97.2,Basketball,0.6,Low,5.5,9.5,0,high
Male,31,188,82.5,Soccer,19.9,High,7.3,4.6,2,high
Male,39,191,82.2,Basketball,17.6,High,2.2,9.2,4,high
Female,30,157,60.8,Soccer,7.7,Moderate,3.8,3.6,0,low
Female,26,178,65.8,Soccer,15.1,High,1.8,1.2,4,high
Female,25,164,43.3,Gymnastics,2.9,Low,9.6,6.2,3,low
Female,19,162,61.7,Soccer,11.2,Moderate,1.3,2.4,0,low
Male,31,181,52.7,Running,11.5,Moderate,9.7,6.8,5,high
Male,27,170,59.1,Gymnastics,17.0,High,9.1,4.2,4,high
Female,22,154,49.8,Running,0.8,Low,7.7,6.3,4,low
Female,33,180,67.5,Swimming,10.5,Moderate,2.2,9.5,3,high
Male,38,178,71.5,Gymnastics,13.2,Moderate,2.5,3.7,0,high
Male,24,184,72.7,Running,17.7,High,1.4,6.6,2,high
Male,20,165,60.2,Gymnastics,3.0,Low,5.3,6.7,1,low
Female,24,162,47.7,Gymnastics,19.7,High,7.8,1.7,3,low
Male,23,170,56.1,Gymnastics,17.8,High,7.2,3.2,5,high
Male,27,175,65.5,Soccer,16.4,High,1.2,4.8,3,high
Male,39,172,70.8,Gymnastics,7.9,Moderate,6.8,4.3,2,high
Male,20,186,67.3,Swimming,16.5,High,1.8,8.6,2,high
Male,21,177,71.6,Swimming,0.9,Low,5.0,7.5,5,low
Female,19,155,67.1,Soccer,1.1,Low,5.2,4.4,3,low
Female,27,165,58.8,Running,8.0,Moderate,4.8,3.4,0,low
Male,36,175,56.6,Gymnastics,10.9,Moderate,2.5,7.6,0,low
Male,37,194,70.1,Soccer,8.4,Moderate,3.7,9.3,4,high
Female,32,183,77.9,Swimming,19.8,High,4.5,7.6,5,high
Female,22,163,74.8,Soccer,4.0,Low,6.2,1.7,1,low
Male,28,166,63.3,Running,0.4,Low,6.6,2.6,4,low
Male,24,190,66.4,Running,2.6,Low,8.0,4.3,1,low
Male,31,167,75.9,Soccer,19.0,High,8.5,1.6,0,high
Male,37,170,60.7,Gymnastics,1.4,Low,5.8,5.5,2,low
Female,33,153,52.2,Gymnastics,19.0,High,7.0,3.2,4,high
Male,37,169,53.6,Running,4.5,Low,5.6,4.4,3,low
Female,29,154,52.0,Running,0.6,Low,5.1,5.6,1,low
Female,27,195,58.8,Swimming,17.3,High,8.4,8.2,0,high
Female,26,188,75.0,Basketball,7.2,Moderate,7.4,3.7,3,high
Male,39,181,79.6,Soccer,11.7,Moderate,3.8,4.1,1,high
Female,26,158,54.4,Gymnastics,8.4,Moderate,1.1,8.0,4,low
Female,18,184,69.7,Soccer,17.0,High,9.0,5.0,3,high
Male,26,171,52.2,Running,10.9,Moderate,1.1,1.4,0,low
Male,18,180,85.6,Soccer,7.4,Moderate,8.6,6.1,5,high
Female,24,175,51.7,Running,13.6,Moderate,6.1,8.2,4,high
Female,38,190,59.1,Swimming,2.6,Low,1.5,9.3,1,low
Female,40,165,58.8,Swimming,7.2,Moderate,3.2,1.3,1,low
Male,20,160,73.7,Running,10.2,Moderate,3.7,7.7,1,low
Female,30,158,69.9,Soccer,16.1,High,9.1,6.7,2,high
Male,37,194,96.1,Swimming,15.5,High,8.0,2.7,0,high
Male,27,168,77.7,Soccer,12.1,Moderate,1.8,5.4,3,high
Male,36,212,106.8,Basketball,18.6,High,6.7,6.5,5,high
Female,18,172,81.9,Basketball,4.6,Low,9.5,1.4,2,low
Female,21,167,47.9,Running,10.2,Moderate,6.2,1.8,0,low
Male,18,173,77.4,Soccer,14.6,Moderate,2.3,8.8,3,high
Male,36,181,63.2,Soccer,15.9,High,4.6,6.7,2,high
Male,32,177,74.8,Running,19.1,High,3.7,2.8,1,high
Male,18,178,53.8,Running,0.5,Low,8.0,8.9,5,low
Female,23,150,50.3,Gymnastics,6.8,Moderate,1.2,6.3,2,low
Male,27,193,87.4,Soccer,14.8,Moderate,1.3,3.4,2,high
Male,19,188,69.3,Running,16.0,High,6.3,4.6,2,high
Female,33,153,53.1,Gymnastics,15.9,High,8.5,3.9,4,high
Male,32,193,70.0,Swimming,12.1,Moderate,9.5,6.7,5,high
Male,31,181,52.4,Running,7.5,Moderate,4.1,6.4,0,low
Female,34,186,68.7,Swimming,1.4,Low,6.1,7.3,4,high
Female,19,196,69.7,Basketball,12.0,Moderate,1.6,4.3,4,high
Female,21,177,65.2,Soccer,14.8,Moderate,2.5,5.7,2,low
Female,18,169,62.6,Swimming,5.9,Moderate,6.6,3.3,4,low
Female,34,169,40.3,Gymnastics,4.1,Low,7.3,7.1,5,low
Male,26,201,68.9,Swimming,8.5,Moderate,4.4,8.3,3,high
Male,19,180,65.6,Gymnastics,8.2,Moderate,8.9,6.5,2,high
Male,31,204,104.5,Basketball,19.1,High,8.5,4.8,3,high
Male,38,182,64.4,Running,12.0,Moderate,8.0,3.2,5,high
Male,19,194,85.6,Swimming,10.5,Moderate,4.8,3.6,1,high
Male,22,179,70.1,Gymnastics,18.4,High,1.4,9.1,1,high
Female,33,153,41.0,Gymnastics,5.1,Moderate,8.2,2.1,3,low
Female,23,167,62.9,Running,16.9,High,5.7,8.6,5,high
Female,27,172,63.6,Soccer,15.3,High,8.0,2.1,3,high
Female,31,162,40.4,Gymnastics,16.5,High,5.0,7.7,3,low
Female,29,165,42.1,Gymnastics,19.2,High,1.2,1.5,1,low
Male,24,176,83.6,Soccer,13.7,Moderate,8.7,8.4,5,high
Female,36,176,68.8,Basketball,9.3,Moderate,7.1,1.2,0,high
Female,28,191,79.5,Swimming,13.5,Moderate,9.3,7.2,4,high
Female,20,153,61.0,Running,10.2,Moderate,8.5,9.6,0,low
Male,26,175,65.5,Gymnastics,1.2,Low,2.3,8.3,2,low
Male,32,197,93.4,Swimming,5.2,Moderate,8.3,6.0,2,high
Male,39,169,55.6,Gymnastics,6.0,Moderate,8.5,8.8,4,high
Male,25,190,71.6,Running,4.9,Low,2.0,5.9,2,low
Male,38,183,92.5,Swimming,18.2,High,7.2,7.9,4,high
Male,29,180,72.0,Gymnastics,1.8,Low,9.6,4.6,5,high
Male,30,166,56.6,Running,18.6,High,5.0,4.2,5,high
Male,40,165,60.0,Soccer,0.6,Low,5.2,6.7,1,low
Male,19,167,74.4,Gymnastics,2.9,Low,4.6,7.7,1,low
Female,33,155,68.0,Soccer,17.2,High,3.7,5.2,1,high
Female,37,179,69.5,Swimming,0.8,Low,5.0,7.1,2,high
Male,33,186,66.3,Running,19.0,High,4.9,6.7,5,high
Male,32,181,54.1,Running,1.3,Low,2.1,6.7,1,low
Female,19,152,56.2,Running,14.4,Moderate,5.3,3.3,3,low
Female,34,177,56.6,Swimming,13.8,Moderate,9.2,1.4,3,high
Female,26,172,49.2,Running,15.2,High,5.8,6.0,0,low
Male,27,202,65.2,Swimming,17.3,High,8.1,9.4,2,high
Male,36,165,62.0,Running,12.1,Moderate,5.7,1.0,5,high
Male,22,170,72.0,Running,14.8,Moderate,3.1,3.0,1,low
Female,19,193,78.0,Swimming,0.7,Low,2.6,8.1,5,high
Female,31,162,46.8,Gymnastics,13.7,Moderate,2.4,3.4,4,low
Male,38,170,64.0,Gymnastics,4.6,Low,9.7,7.4,5,high
Male,32,195,97.0,Swimming,19.6,High,4.1,5.0,4,high
Female,33,170,61.9,Running,13.9,Moderate,2.7,7.8,1,high
Female,35,192,64.4,Basketball,6.9,Moderate,7.0,8.0,5,high
Male,24,188,88.4,Soccer,19.5,High,6.3,4.7,1,high
Male,38,192,96.7,Basketball,9.5,Moderate,9.1,7.0,1,high
Female,29,173,62.6,Running,2.6,Low,2.2,5.3,4,low
Female,20,162,47.0,Gymnastics,7.4,Moderate,8.8,7.4,1,low
Male,40,172,63.1,Gymnastics,3.8,Low,7.8,4.4,3,high
Female,28,167,53.8,Running,0.1,Low,5.1,5.9,2,low
Male,39,161,60.3,Gymnastics,19.4,High,6.2,5.5,2,high
Male,36,193,81.2,Basketball,6.4,Moderate,2.7,4.6,3,high
Female,27,167,64.9,Swimming,5.0,Moderate,3.9,9.1,1,low
Male,21,172,61.6,Gymnastics,11.3,Moderate,5.5,6.8,1,low
Female,30,169,64.9,Running,19.3,High,8.6,2.8,4,high
Female,35,188,63.9,Swimming,11.2,Moderate,9.5,7.1,2,high
Male,30,170,50.9,Running,12.3,Moderate,2.6,2.6,2,low
Male,18,189,77.0,Basketball,3.2,Low,4.2,7.5,3,high
Female,19,170,59.2,Basketball,13.2,Moderate,1.1,6.0,4,low
Female,33,180,59.4,Running,19.6,High,6.6,8.0,0,high
Female,28,156,50.7,Gymnastics,5.1,Moderate,9.5,9.5,3,low
Female,22,160,63.0,Running,1.4,Low,4.1,2.0,4,low
Male,39,180,71.9,Running,2.8,Low,9.4,3.6,4,high
Male,34,166,72.8,Running,5.1,Moderate,8.4,2.2,4,high
Female,34,162,61.9,Running,7.7,Moderate,9.1,5.6,4,high
Female,22,173,48.0,Running,9.3,Moderate,4.8,9.8,4,low
Male,25,179,80.6,Swimming,19.2,High,3.4,3.3,1,high
Female,21,157,43.5,Gymnastics,4.5,Low,5.7,2.9,4,low
Male,38,172,70.1,Running,3.5,Low,7.4,3.2,2,high
Female,39,163,40.6,Gymnastics,13.4,Moderate,7.8,7.4,3,high
Male,34,161,72.6,Gymnastics,18.6,High,6.7,6.6,4,high
Female,39,176,69.8,Swimming,12.0,Moderate,3.4,1.7,5,high
Male,18,186,81.9,Soccer,18.0,High,1.5,6.6,2,high
Male,40,188,89.7,Swimming,16.8,High,8.1,3.8,1,high
Female,24,180,57.0,Running,12.7,Moderate,5.0,7.9,0,low
Female,35,168,63.2,Swimming,0.3,Low,9.7,9.1,5,high
Female,18,164,46.2,Gymnastics,10.6,Moderate,2.9,2.3,0,low
Male,35,203,95.2,Swimming,16.0,High,8.6,2.7,1,high
Male,29,194,105.8,Basketball,14.6,Moderate,3.8,7.2,1,high
Male,18,178,99.0,Swimming,12.6,Moderate,8.5,5.3,2,high
Female,25,162,43.0,Gymnastics,17.8,High,8.2,8.3,5,high
Female,24,162,54.1,Gymnastics,4.1,Low,1.6,4.5,3,low
Female,34,177,58.5,Soccer,5.5,Moderate,8.7,7.5,5,high
Male,20,174,73.2,Gymnastics,4.6,Low,1.7,3.5,2,low
Female,21,174,59.4,Swimming,8.2,Moderate,5.8,3.7,0,low
Male,20,164,71.3,Gymnastics,0.6,Low,1.7,8.2,0,low
Male,40,176,58.4,Running,3.0,Low,7.0,7.5,2,high
Female,36,153,40.9,Gymnastics,13.9,Moderate,9.8,7.9,4,high
Male,40,211,109.2,Basketball,7.6,Moderate,4.2,5.8,5,high
Male,38,177,64.2,Gymnastics,3.8,Low,10.0,7.9,0,high
Male,33,177,65.3,Running,1.9,Low,9.8,5.4,4,high
Male,26,181,72.7,Running,12.9,Moderate,4.8,7.7,5,high
Male,40,169,55.6,Gymnastics,7.3,Moderate,8.2,6.5,3,high
Female,28,191,78.3,Basketball,11.3,Moderate,4.7,4.3,4,high
Female,26,164,42.9,Gymnastics,13.5,Moderate,6.8,5.7,1,low
Male,23,169,79.1,Soccer,10.1,Moderate,8.9,4.8,4,high
Female,31,161,51.9,Soccer,12.8,Moderate,6.6,9.2,5,high
Male,22,171,57.4,Gymnastics,5.2,Moderate,5.3,5.0,3,low
Female,32,162,52.3,Gymnastics,4.7,Low,7.5,3.1,0,low
Male,24,197,76.5,Basketball,12.9,Moderate,2.1,3.8,1,high
Female,22,164,64.2,Running,3.8,Low,4.4,7.8,2,low
Female,36,156,44.0,Gymnastics,11.0,Moderate,9.4,5.0,1,low
Female,31,168,55.0,Gymnastics,19.3,High,7.9,6.2,4,high
Male,32,187,76.1,Soccer,2.1,Low,7.6,4.2,1,high
Female,35,168,50.6,Gymnastics,3.8,Low,1.2,8.7,4,low
Female,19,165,61.2,Soccer,4.4,Low,5.6,3.8,4,low
Female,20,169,46.0,Gymnastics,7.4,Moderate,2.9,9.7,2,low
Female,27,175,64.0,Running,7.1,Moderate,6.9,9.5,3,high
Female,18,184,62.3,Swimming,13.7,Moderate,8.3,5.0,3,high
Female,20,165,73.8,Soccer,8.4,Moderate,4.4,2.6,5,low
Female,19,165,78.7,Swimming,11.9,Moderate,7.1,1.3,2,low
Female,28,168,40.4,Gymnastics,3.1,Low,3.6,9.9,5,low
Male,21,184,83.5,Swimming,12.8,Moderate,9.8,4.6,0,high
Male,40,185,76.9,Swimming,11.0,Moderate,4.7,1.4,1,high
Female,38,182,56.3,Soccer,18.8,High,2.6,6.3,0,high
Female,29,190,72.1,Swimming,14.1,Moderate,8.9,3.5,1,high
Female,20,180,71.6,Swimming,16.7,High,1.3,6.9,4,high
Male,36,186,71.4,Swimming,8.1,Moderate,1.1,2.3,2,high
Female,35,172,83.7,Basketball,3.3,Low,3.8,6.6,1,high
Male,28,161,56.4,Running,8.2,Moderate,6.0,10.0,3,low
Male,40,166,71.5,Running,11.2,Moderate,4.0,4.6,2,high
Female,40,179,50.3,Soccer,3.0,Low,5.3,7.1,5,high
Female,30,175,68.9,Basketball,13.6,Moderate,8.0,3.5,2,high
Female,21,193,68.4,Swimming,9.8,Moderate,6.3,1.3,1,high
Female,32,168,70.3,Soccer,18.3,High,2.1,8.0,0,high
Female,23,150,58.1,Running,18.1,High,3.8,6.7,0,low
Male,32,185,76.2,Swimming,12.1,Moderate,2.0,3.6,4,high
Female,32,182,83.4,Basketball,0.5,Low,8.1,5.9,1,high
Male,18,175,95.5,Swimming,4.1,Low,3.6,6.2,4,high
Female,35,169,52.7,Soccer,0.5,Low,4.5,5.0,5,low
Male,35,171,71.1,Gymnastics,11.5,Moderate,2.2,8.6,5,high
Male,31,170,67.4,Running,12.2,Moderate,9.8,8.5,4,high
Male,28,179,58.7,Running,12.4,Moderate,8.7,8.4,2,high
Female,26,168,70.4,Soccer,19.9,High,7.4,8.6,1,high
Male,40,207,74.0,Basketball,10.3,Moderate,8.4,8.3,4,high
Male,38,179,58.5,Running,7.7,Moderate,4.3,3.6,5,high
Male,18,172,55.3,Running,16.5,High,1.7,7.7,4,low
Male,38,172,59.3,Running,11.8,Moderate,8.7,8.7,5,high
Female,33,166,59.2,Swimming,12.6,Moderate,2.8,6.0,3,low
Female,21,164,56.0,Soccer,12.2,Moderate,2.3,2.0,0,low
Female,27,180,61.3,Soccer,0.7,Low,1.4,1.5,2,low
Male,29,172,74.7,Running,18.9,High,4.3,8.5,2,high
Male,36,166,66.6,Running,1.7,Low,2.0,6.5,0,low
Male,22,181,70.1,Soccer,17.8,High,1.1,6.5,4,high
Male,37,169,66.1,Gymnastics,8.7,Moderate,1.6,7.6,3,high
Female,36,162,62.2,Soccer,8.7,Moderate,2.2,8.0,0,low
Male,38,163,58.2,Gymnastics,4.4,Low,5.4,8.9,4,high
Female,23,193,84.5,Basketball,7.0,Moderate,5.6,1.6,4,high
Male,21,203,93.5,Swimming,10.2,Moderate,7.1,4.2,5,high
Female,21,175,64.1,Basketball,12.8,Moderate,8.5,7.3,3,high
Male,23,211,99.4,Basketball,11.6,Moderate,7.6,8.4,0,high
Male,19,182,77.6,Soccer,6.0,Moderate,2.9,8.9,4,high
Female,33,186,65.0,Basketball,19.4,High,5.0,4.5,4,high
Female,22,153,55.0,Running,10.7,Moderate,6.7,9.0,3,low
Male,31,184,73.4,Basketball,15.0,Moderate,5.9,2.8,4,high
Male,29,168,86.8,Soccer,10.1,Moderate,4.1,7.2,0,high
Female,20,174,55.3,Swimming,6.6,Moderate,1.9,3.5,3,low
Male,24,188,65.4,Soccer,2.6,Low,7.2,2.1,3,low
Female,19,167,55.8,Soccer,12.2,Moderate,9.4,4.3,2,low
Female,18,191,68.1,Basketball,9.4,Moderate,1.5,4.4,4,low
Male,33,194,76.8,Basketball,6.2,Moderate,9.8,6.0,4,high
Female,21,175,57.4,Soccer,11.9,Moderate,9.4,3.4,1,low
Male,31,177,72.7,Gymnastics,14.1,Moderate,5.0,8.8,5,high
Female,30,164,62.0,Running,15.2,High,5.6,2.2,3,high
Male,38,165,57.5,Gymnastics,2.2,Low,5.8,2.1,2,low
Male,40,211,96.0,Basketball,16.0,High,1.1,1.9,5,high
Female,31,171,60.1,Swimming,4.9,Low,5.7,8.4,4,high
Male,39,172,66.7,Gymnastics,6.3,Moderate,4.5,1.3,3,high
Male,32,168,74.7,Soccer,6.3,Moderate,8.6,2.6,3,high
Female,39,159,49.9,Gymnastics,17.5,High,4.8,6.4,5,high
Male,18,181,86.9,Soccer,10.7,Moderate,1.6,5.4,4,high
Male,36,175,73.2,Soccer,0.8,Low,2.3,5.7,4,high
Female,35,176,61.5,Swimming,16.3,High,9.2,5.1,1,high
Female,31,178,64.4,Soccer,8.1,Moderate,1.3,1.3,0,low
Male,21,213,84.7,Basketball,15.1,High,8.1,7.2,5,high
Female,30,158,46.8,Gymnastics,13.8,Moderate,1.8,3.0,3,low
Female,20,183,71.5,Swimming,8.6,Moderate,2.3,5.1,0,low
Male,18,203,82.5,Swimming,17.2,High,3.2,5.8,4,high
Male,24,190,65.0,Running,6.0,Moderate,9.1,7.3,1,high
Male,30,187,74.5,Running,15.1,High,3.2,4.7,5,high
Female,26,161,40.7,Gymnastics,13.8,Moderate,9.1,2.0,1,low
Male,18,172,53.8,Running,13.4,Moderate,9.8,2.6,4,low
Female,40,185,74.2,Swimming,3.1,Low,3.5,7.5,1,high
Male,29,180,79.0,Basketball,17.3,High,9.4,3.4,3,high
Male,33,190,76.5,Basketball,13.5,Moderate,7.6,6.8,2,high
Female,39,167,47.2,Gymnastics,15.7,High,6.5,4.0,1,high
Male,27,186,58.2,Running,17.4,High,3.1,9.7,2,high
Female,38,160,72.1,Soccer,5.8,Moderate,9.2,2.7,5,high
Male,38,181,104.2,Basketball,10.4,Moderate,5.9,3.0,4,high
Male,21,208,76.1,Basketball,6.0,Moderate,1.5,4.8,1,high
Female,36,157,40.7,Gymnastics,18.2,High,2.6,2.4,5,low
Female,20,185,75.8,Basketball,10.9,Moderate,2.9,7.0,0,high
Female,31,159,44.9,Gymnastics,7.9,Moderate,4.0,8.9,2,low
Male,22,182,62.6,Running,10.5,Moderate,1.4,5.8,2,low
Male,26,204,74.0,Basketball,1.7,Low,8.3,5.3,5,high
Female,25,177,52.0,Soccer,6.4,Moderate,2.1,4.5,0,low
Female,35,167,50.4,Gymnastics,3.8,Low,9.3,9.9,3,high
Male,22,212,93.6,Basketball,8.2,Moderate,4.4,2.3,1,high
Male,31,175,69.7,Gymnastics,2.7,Low,1.2,5.0,4,low
Female,28,150,46.5,Gymnastics,2.9,Low,2.3,3.6,0,low
Female,39,179,67.8,Swimming,14.4,Moderate,3.8,5.3,1,high
Female,27,181,66.1,Basketball,13.2,Moderate,7.3,2.3,1,high
Female,20,198,58.8,Basketball,3.5,Low,6.8,9.1,0,low
Male,38,193,64.4,Soccer,3.5,Low,8.0,4.7,0,high
Male,37,168,72.6,Soccer,18.5,High,7.5,7.8,5,high
Female,35,171,60.1,Basketball,8.0,Moderate,1.1,6.7,1,low
Female,19,163,53.8,Soccer,9.4,Moderate,3.1,4.5,3,low
Male,23,170,63.0,Running,15.7,High,7.2,5.8,3,high
Male,28,191,91.7,Swimming,17.7,High,8.3,7.2,4,high
Male,23,175,69.9,Running,12.1,Moderate,8.3,8.4,3,high
Female,21,156,65.7,Soccer,12.0,Moderate,5.0,4.2,2,low
Female,39,173,84.6,Basketball,3.2,Low,3.2,5.5,5,high
Female,28,161,62.1,Soccer,15.3,High,4.9,1.2,2,low
Female,18,164,44.2,Gymnastics,7.4,Moderate,4.0,5.4,0,low
Female,38,181,57.3,Swimming,0.9,Low,9.6,5.4,4,high
Female,35,158,68.2,Soccer,0.8,Low,9.6,6.3,5,high
Female,36,173,61.6,Running,3.8,Low,1.1,4.7,5,low
Male,30,195,66.8,Soccer,12.4,Moderate,3.1,9.7,0,high
Male,20,189,86.8,Swimming,18.7,High,1.1,2.9,2,high
Male,40,198,86.9,Basketball,19.7,High,1.2,2.8,2,high
Female,20,176,83.9,Basketball,3.8,Low,6.3,1.0,5,high
Male,31,165,65.6,Soccer,3.7,Low,2.1,4.3,2,low
Male,26,169,66.5,Soccer,12.0,Moderate,6.0,6.2,1,high
Male,29,180,69.9,Gymnastics,11.1,Moderate,6.9,7.1,1,high
Male,26,168,72.6,Running,5.7,Moderate,7.4,6.9,1,low
Male,34,182,70.2,Running,2.0,Low,2.3,6.4,4,high
Male,37,165,60.3,Soccer,18.5,High,2.0,3.8,5,high
Female,27,164,54.3,Running,4.0,Low,1.3,2.8,1,low
Male,35,213,92.6,Basketball,17.7,High,4.9,10.0,2,high
Male,20,183,68.4,Running,18.0,High,1.4,2.9,4,high
Male,19,201,95.3,Basketball,6.9,Moderate,4.7,9.3,2,high
Male,32,191,87.8,Swimming,7.3,Moderate,9.0,7.8,0,high
Female,24,157,69.9,Soccer,0.8,Low,4.4,4.9,3,low
Male,36,200,89.8,Basketball,8.2,Moderate,9.7,5.1,0,high
Male,38,162,58.9,Gymnastics,6.7,Moderate,4.8,7.4,1,low
Female,31,175,57.0,Running,18.6,High,9.3,3.5,4,high
Male,32,174,74.0,Soccer,14.9,Moderate,8.6,3.4,3,high
Female,29,191,55.1,Swimming,8.1,Moderate,1.1,7.0,3,low
Female,23,156,43.5,Gymnastics,2.6,Low,3.1,5.8,1,low
Male,25,178,63.8,Gymnastics,14.4,Moderate,2.9,8.7,4,high
Male,28,193,97.2,Basketball,11.8,Moderate,2.0,8.1,2,high
Female,36,168,45.8,Gymnastics,19.2,High,8.3,7.2,1,high
Female,36,167,40.1,Gymnastics,16.4,High,1.4,2.7,1,low
Male,19,188,73.9,Soccer,16.2,High,3.3,4.6,3,high
Male,20,170,65.2,Running,16.6,High,4.6,7.4,5,high
Male,39,186,99.4,Swimming,16.9,High,4.1,1.3,1,high
Male,19,182,89.1,Soccer,1.9,Low,8.5,4.4,4,high
Female,30,192,78.4,Swimming,16.5,High,9.1,3.3,2,high
Female,36,173,82.2,Basketball,1.1,Low,1.1,5.9,4,high
Female,24,185,67.3,Basketball,19.2,High,3.7,5.6,3,high
Male,28,189,90.3,Swimming,6.9,Moderate,4.1,2.5,4,high
Female,20,165,45.6,Gymnastics,15.5,High,9.5,2.6,2,low
Male,27,203,69.4,Swimming,19.2,High,4.7,2.0,2,high
Male,35,198,88.2,Swimming,7.4,Moderate,3.5,7.3,4,high
Male,38,196,69.2,Swimming,7.3,Moderate,1.8,7.7,4,high
Female,28,165,59.6,Soccer,4.0,Low,6.7,5.2,4,low
Female,37,159,53.2,Gymnastics,9.1,Moderate,2.6,8.9,3,low
Female,20,153,46.9,Gymnastics,1.7,Low,8.5,8.7,3,low
Female,27,187,62.6,Basketball,14.0,Moderate,5.4,9.2,1,high
Male,30,177,71.3,Gymnastics,9.9,Moderate,4.7,3.7,5,high
Female,27,168,64.7,Soccer,13.1,Moderate,5.0,3.1,3,high
Male,39,187,71.3,Running,14.9,Moderate,7.7,8.0,5,high
Male,32,173,52.7,Running,8.7,Moderate,10.0,2.3,2,low
Male,26,181,50.4,Running,12.8,Moderate,3.6,4.3,3,low
Female,29,185,71.8,Swimming,6.3,Moderate,1.3,9.0,1,high
Female,36,162,53.8,Soccer,0.5,Low,6.9,1.3,1,low
Male,29,190,96.2,Basketball,7.5,Moderate,7.0,9.0,4,high
Male,40,187,78.8,Swimming,15.8,High,5.6,8.3,0,high
Male,40,205,100.0,Basketball,18.6,High,5.5,5.2,3,high
Female,34,168,44.3,Gymnastics,17.0,High,6.2,9.1,4,high
Male,29,192,103.4,Basketball,6.0,Moderate,2.4,4.0,0,high
Female,30,155,67.1,Soccer,2.7,Low,4.6,8.9,1,low
Female,18,198,63.8,Basketball,10.8,Moderate,9.4,4.1,1,high
Male,35,161,74.7,Gymnastics,6.6,Moderate,5.5,2.2,0,low
Male,38,192,83.9,Swimming,10.2,Moderate,7.8,4.0,3,high
Male,27,187,90.6,Basketball,2.2,Low,6.6,3.7,3,high
Female,31,175,56.6,Swimming,14.0,Moderate,7.4,9.6,4,high
Female,22,151,44.1,Gymnastics,2.9,Low,2.3,9.3,2,low
Male,37,193,98.7,Swimming,8.6,Moderate,1.5,4.3,4,high
Male,34,184,72.0,Basketball,7.8,Moderate,5.5,9.4,2,high
Male,26,196,97.6,Swimming,17.6,High,6.7,9.3,4,high
Male,31,181,62.7,Soccer,18.2,High,3.0,1.4,5,high
Female,33,191,61.3,Swimming,3.3,Low,5.7,2.2,1,low
Female,28,171,62.7,Soccer,15.9,High,1.1,9.1,5,high
Male,33,211,109.8,Basketball,8.7,Moderate,3.0,8.1,4,high
Male,26,182,90.6,Basketball,8.5,Moderate,4.0,7.7,5,high
Female,33,190,55.8,Basketball,8.9,Moderate,4.1,6.7,0,low
Male,22,177,70.0,Gymnastics,13.6,Moderate,8.4,9.0,4,high
Male,28,177,60.4,Running,7.8,Moderate,4.0,9.3,3,high
Male,24,187,94.5,Swimming,1.1,Low,7.1,7.8,5,high
Female,29,155,45.3,Gymnastics,7.9,Moderate,7.6,7.9,0,low
Male,23,160,58.0,Running,3.0,Low,9.9,2.9,3,low
Female,33,176,61.0,Soccer,12.7,Moderate,7.9,7.1,3,high
Female,28,166,52.0,Gymnastics,2.7,Low,3.3,5.6,3,low
Female,26,150,55.9,Running,3.2,Low,5.0,8.4,4,low
Male,34,181,93.4,Basketball,12.0,Moderate,3.0,2.0,0,high
Male,28,199,109.0,Basketball,13.1,Moderate,8.4,1.6,2,high
Male,29,198,67.3,Swimming,13.0,Moderate,2.9,8.6,1,high
Female,38,169,48.3,Running,6.5,Moderate,4.2,1.6,1,low
Female,21,183,78.5,Basketball,16.0,High,6.3,9.1,2,high
Female,28,198,70.2,Basketball,19.6,High,8.4,8.8,2,high
Female,28,184,62.0,Basketball,12.2,Moderate,9.7,9.6,1,high
Female,32,169,62.1,Swimming,19.0,High,5.7,6.2,3,high
Female,29,164,56.7,Soccer,18.8,High,4.6,1.4,2,low
Male,23,188,61.8,Running,19.2,High,7.3,2.3,3,high
Male,22,180,101.9,Basketball,7.0,Moderate,4.9,6.7,3,high
Female,21,155,55.0,Running,14.0,Moderate,8.3,6.8,0,low
Female,27,163,51.9,Running,8.7,Moderate,4.3,7.2,3,low
Female,38,181,75.5,Swimming,0.4,Low,1.4,5.8,1,low
Female,34,188,64.8,Swimming,11.3,Moderate,6.2,5.5,2,high
Female,38,168,70.5,Swimming,12.7,Moderate,3.5,7.0,5,high
Female,21,173,71.6,Basketball,14.3,Moderate,7.9,3.6,4,high
Female,23,172,79.9,Swimming,1.8,Low,6.9,3.1,5,high
Male,29,160,71.6,Running,17.3,High,1.1,8.8,1,high
Female,29,185,66.4,Soccer,6.6,Moderate,3.0,1.7,2,low
Female,19,169,68.7,Swimming,11.6,Moderate,7.9,6.1,5,high
Female,24,182,69.0,Basketball,4.2,Low,4.6,3.2,2,low
Male,28,195,76.1,Swimming,13.5,Moderate,3.3,3.8,1,high
Female,22,189,78.9,Basketball,14.6,Moderate,8.8,3.6,3,high
Male,21,185,65.3,Soccer,9.8,Moderate,9.9,3.9,0,high
Male,37,187,51.0,Running,7.2,Moderate,2.5,1.9,3,low
Female,18,159,43.5,Gymnastics,3.8,Low,2.3,2.2,5,low
Male,39,183,89.5,Soccer,1.6,Low,3.7,3.8,0,high
Male,18,179,73.4,Soccer,13.4,Moderate,2.2,4.7,5,high
Male,19,160,67.8,Gymnastics,17.3,High,3.4,6.6,0,low
Male,27,186,99.5,Swimming,7.6,Moderate,3.4,5.7,0,high
Female,33,180,55.2,Running,14.4,Moderate,9.0,1.7,5,high
Male,35,179,86.9,Soccer,12.7,Moderate,8.9,1.1,0,high
Female,20,151,48.9,Gymnastics,16.8,High,9.5,6.2,0,low
Female,35,184,62.3,Soccer,10.8,Moderate,1.4,8.9,4,high
